<?xml version='1.1' encoding='UTF-8'?>
<Tag plugin="workflow-support@3.7">
  <node class="cps.n.StepStartNode" plugin="workflow-cps@2.87">
    <parentIds>
      <string>27</string>
    </parentIds>
    <id>28</id>
    <descriptorId>org.jenkinsci.plugins.docker.workflow.RegistryEndpointStep</descriptorId>
  </node>
  <actions>
    <s.a.LogStorageAction/>
    <cps.a.ArgumentsActionImpl plugin="workflow-cps@2.87">
      <arguments>
        <entry>
          <string>url</string>
          <string></string>
        </entry>
        <entry>
          <string>credentialsId</string>
          <string>dockerHub</string>
        </entry>
        <entry>
          <string>toolName</string>
          <null/>
        </entry>
      </arguments>
      <sensitiveVariables/>
      <isUnmodifiedBySanitization>true</isUnmodifiedBySanitization>
    </cps.a.ArgumentsActionImpl>
    <wf.a.TimingAction plugin="workflow-api@2.41">
      <startTime>1612337095443</startTime>
    </wf.a.TimingAction>
  </actions>
</Tag>