<?xml version='1.1' encoding='UTF-8'?>
<Tag plugin="workflow-support@3.7">
  <node class="cps.n.StepStartNode" plugin="workflow-cps@2.87">
    <parentIds>
      <string>28</string>
    </parentIds>
    <id>29</id>
    <descriptorId>org.jenkinsci.plugins.docker.workflow.RegistryEndpointStep</descriptorId>
  </node>
  <actions>
    <wf.a.BodyInvocationAction plugin="workflow-api@2.41"/>
    <wf.a.TimingAction plugin="workflow-api@2.41">
      <startTime>1612337098645</startTime>
    </wf.a.TimingAction>
  </actions>
</Tag>