<?xml version='1.1' encoding='UTF-8'?>
<Tag plugin="workflow-support@3.7">
  <node class="cps.n.StepAtomNode" plugin="workflow-cps@2.87">
    <parentIds>
      <string>61</string>
    </parentIds>
    <id>62</id>
    <descriptorId>org.jenkinsci.plugins.workflow.steps.MailStep</descriptorId>
  </node>
  <actions>
    <cps.a.ArgumentsActionImpl plugin="workflow-cps@2.87">
      <arguments>
        <entry>
          <string>cc</string>
          <string></string>
        </entry>
        <entry>
          <string>charset</string>
          <string>UTF-8</string>
        </entry>
        <entry>
          <string>bcc</string>
          <string></string>
        </entry>
        <entry>
          <string>subject</string>
          <string>Jenkins job ran successfully. Great Work! :) (Project name: BuildPipeline)</string>
        </entry>
        <entry>
          <string>replyTo</string>
          <string></string>
        </entry>
        <entry>
          <string>from</string>
          <string></string>
        </entry>
        <entry>
          <string>mimeType</string>
          <string>text/html</string>
        </entry>
        <entry>
          <string>to</string>
          <string>sarah.mdidris@hotmail.com</string>
        </entry>
        <entry>
          <string>body</string>
          <string>&lt;b&gt;Jenkins Job Details&lt;/b&gt;&lt;br&gt;Project: BuildPipeline &lt;br&gt;Build Number: 34 &lt;br&gt; Jenkins build url: https://mdidris.asuscomm.com:8443/job/BuildPipeline/34/</string>
        </entry>
      </arguments>
      <sensitiveVariables/>
      <isUnmodifiedBySanitization>true</isUnmodifiedBySanitization>
    </cps.a.ArgumentsActionImpl>
    <wf.a.TimingAction plugin="workflow-api@2.41">
      <startTime>1612337148937</startTime>
    </wf.a.TimingAction>
    <s.a.LogStorageAction/>
  </actions>
</Tag>